Dataset,Variant,Accuracy,Precision,Recall,Macro F1,ROC-AUC,ECE,"Train Time (s, avg)",Inference (ms/episode),Params,N Seeds
telco1,Full (MPMN+VML),68.87% (±2.27),76.83% (±2.05),72.52% (±2.07),66.94% (±2.37),75.12% (±3.00),0.1789,161.6,4.01,"11,201",3
telco1,No Temperature Scaling,65.79% (±1.70),75.63% (±1.33),66.81% (±2.19),64.50% (±1.62),71.24% (±2.10),0.2133,136.3,3.03,"11,201",3
telco1,No Uncertainty Weighting,71.47% (±1.50),81.98% (±2.19),69.78% (±0.93),70.64% (±1.70),78.32% (±1.38),0.1361,122.4,2.82,"11,201",3
telco1,No KL Regularization,67.79% (±1.84),75.90% (±1.76),71.83% (±1.24),65.60% (±2.02),74.01% (±2.35),0.1842,158.8,3.71,"11,201",3
telco1,No Variational Path (Point Estimate),72.52% (±1.44),81.96% (±1.60),71.86% (±0.98),71.59% (±1.60),79.47% (±0.66),0.1366,115.5,2.51,"11,201",3
telco1,Vanilla ProtoNet (floor),72.35% (±0.77),82.16% (±0.57),71.29% (±0.88),71.45% (±0.84),79.05% (±0.28),0.1379,103.7,2.06,"11,201",3
telco2,Full (MPMN+VML),65.07% (±0.61),77.07% (±1.33),66.05% (±0.99),63.26% (±0.87),70.46% (±0.87),0.1770,137.7,1.53,"2,913",3
telco2,No Temperature Scaling,62.12% (±1.32),74.78% (±0.93),62.60% (±1.67),60.50% (±1.22),66.15% (±1.66),0.2206,142.7,1.73,"2,913",3
telco2,No Uncertainty Weighting,67.47% (±0.78),81.38% (±0.75),64.79% (±2.45),66.41% (±0.53),72.57% (±1.04),0.1654,108.9,1.40,"2,913",3
telco2,No KL Regularization,64.24% (±0.58),75.99% (±0.75),66.00% (±1.04),62.20% (±0.62),69.44% (±0.43),0.1734,138.1,1.49,"2,913",3
telco2,No Variational Path (Point Estimate),68.58% (±1.58),84.50% (±1.16),63.54% (±2.99),67.68% (±1.38),75.06% (±0.90),0.1569,94.0,1.35,"2,913",3
telco2,Vanilla ProtoNet (floor),68.92% (±1.59),84.88% (±1.30),63.69% (±3.07),68.07% (±1.39),75.23% (±0.69),0.1584,112.0,1.54,"2,913",3
bank,Full (MPMN+VML),62.72% (±0.32),34.28% (±0.33),74.23% (±1.55),58.41% (±0.11),75.58% (±0.77),0.2377,215.2,3.82,"9,665",3
bank,No Temperature Scaling,61.46% (±2.99),32.52% (±2.07),70.62% (±1.57),57.10% (±2.40),71.18% (±2.07),0.2588,188.7,3.99,"9,665",3
bank,No Uncertainty Weighting,60.75% (±1.22),32.77% (±0.65),77.01% (±1.56),57.20% (±0.89),76.55% (±0.60),0.2167,169.0,4.77,"9,665",3
bank,No KL Regularization,62.01% (±1.94),34.30% (±1.17),76.97% (±0.80),58.11% (±1.71),75.37% (±0.56),0.2329,209.1,3.77,"9,665",3
bank,No Variational Path (Point Estimate),61.03% (±1.84),32.92% (±0.88),77.09% (±3.06),57.39% (±1.24),77.40% (±0.77),0.2125,125.1,2.38,"9,665",3
bank,Vanilla ProtoNet (floor),61.01% (±2.40),33.09% (±1.22),77.56% (±2.89),57.43% (±1.69),77.36% (±0.73),0.2158,122.0,2.26,"9,665",3
