Dataset,Data Variant,Model Variant,Train Pool Size,Churn Rate,Accuracy,Precision,Recall,Macro F1,ROC-AUC,ECE,Temperature (mean),Seeds Collapsed,Params
telco1,Original,MPMN+VML (Full),584,60.1%,68.87% (±2.27),76.83% (±2.05),72.52% (±2.07),66.94% (±2.37),75.12% (±3.00),0.1789,1.469,0/3,"11,201"
telco1,Original,MPMN without VML,584,60.1%,72.52% (±1.44),81.96% (±1.60),71.86% (±0.98),71.59% (±1.60),79.47% (±0.66),0.1366,0.806,0/3,"11,201"
telco1,Augmented,MPMN+VML (Full),1500,56.2%,64.18% (±5.13),73.77% (±4.50),66.62% (±5.98),62.39% (±4.92),68.59% (±6.68),0.1895,2.391,0/3,"11,201"
telco1,Augmented,MPMN without VML,1500,56.2%,67.51% (±0.86),77.87% (±1.17),66.82% (±3.62),66.51% (±0.51),72.20% (±1.94),0.1513,0.855,0/3,"11,201"
telco2,Original,MPMN+VML (Full),436,61.0%,65.07% (±0.61),77.07% (±1.33),66.05% (±0.99),63.26% (±0.87),70.46% (±0.87),0.1770,1.730,0/3,"2,913"
telco2,Original,MPMN without VML,436,61.0%,68.58% (±1.58),84.50% (±1.16),63.54% (±2.99),67.68% (±1.38),75.06% (±0.90),0.1569,0.780,0/3,"2,913"
telco2,Augmented,MPMN+VML (Full),1436,61.0%,52.82% (±0.32),64.48% (±0.26),59.27% (±0.27),49.92% (±0.33),50.26% (±0.39),0.1634,3.751,3/3,"2,913"
telco2,Augmented,MPMN without VML,1436,61.0%,66.54% (±2.21),79.54% (±1.57),64.90% (±2.59),65.36% (±2.20),74.18% (±1.95),0.1704,0.780,0/3,"2,913"
bank,Original,MPMN+VML (Full),1171,24.9%,62.72% (±0.32),34.28% (±0.33),74.23% (±1.55),58.41% (±0.11),75.58% (±0.77),0.2377,3.288,0/3,"9,665"
bank,Original,MPMN without VML,1171,24.9%,61.03% (±1.84),32.92% (±0.88),77.09% (±3.06),57.39% (±1.24),77.40% (±0.77),0.2125,0.872,0/3,"9,665"
bank,Augmented,MPMN+VML (Full),3000,21.4%,60.52% (±2.24),32.69% (±1.33),75.00% (±0.56),56.75% (±1.86),72.74% (±0.86),0.2346,3.288,0/3,"9,665"
bank,Augmented,MPMN without VML,3000,21.4%,51.57% (±5.58),28.81% (±2.31),80.17% (±2.74),49.07% (±4.78),71.26% (±0.67),0.2469,0.852,0/3,"9,665"
